{
  "('L1_NodeC', 'L2_NodeB', 'L3_NodeD')": 4.778977953856442,
  "('L1_NodeA', 'L2_NodeB', 'L3_NodeA')": 4.25253290538431,
  "('L1_NodeC', 'L2_NodeB', 'L3_NodeB')": 3.4086118329262125,
  "('L1_NodeA', 'L2_NodeC', 'L3_NodeA')": 5.647514273580875,
  "('L1_NodeB', 'L2_NodeD', 'L3_NodeD')": 5.10786331351578,
  "('L1_NodeB', 'L2_NodeA', 'L3_NodeA')": 4.434143271453279,
  "('L1_NodeC', 'L2_NodeC', 'L3_NodeB')": 5.361139151603467,
  "('L1_NodeA', 'L2_NodeC', 'L3_NodeB')": 3.3295621838486813,
  "('L1_NodeD', 'L2_NodeB', 'L3_NodeA')": 2.706947668460794,
  "('L1_NodeD', 'L2_NodeD', 'L3_NodeA')": 5.215799346054437,
  "('L1_NodeA', 'L2_NodeA', 'L3_NodeD')": 4.943689304129072,
  "('L1_NodeC', 'L2_NodeD', 'L3_NodeB')": 5.820699537549731,
  "('L1_NodeD', 'L2_NodeC', 'L3_NodeD')": 5.614664050422346,
  "('L1_NodeA', 'L2_NodeA', 'L3_NodeB')": 3.7379017249789337,
  "('L1_NodeD', 'L2_NodeB', 'L3_NodeC')": 5.486834571779356,
  "('L1_NodeA', 'L2_NodeD', 'L3_NodeD')": 4.423537779208208,
  "('L1_NodeD', 'L2_NodeA', 'L3_NodeB')": 5.511873727515334,
  "('L1_NodeA', 'L2_NodeA', 'L3_NodeA')": 2.3486464413970682,
  "('L1_NodeC', 'L2_NodeA', 'L3_NodeD')": 3.9258454233496005,
  "('L1_NodeC', 'L2_NodeC', 'L3_NodeC')": 5.282466521066219,
  "('L1_NodeC', 'L2_NodeC', 'L3_NodeA')": 2.704765287429389,
  "('L1_NodeB', 'L2_NodeC', 'L3_NodeD')": 4.0177412388511184,
  "('L1_NodeB', 'L2_NodeD', 'L3_NodeC')": 5.8446265293806325,
  "('L1_NodeC', 'L2_NodeD', 'L3_NodeD')": 6.811286302401866,
  "('L1_NodeD', 'L2_NodeD', 'L3_NodeB')": 4.492143677312927,
  "('L1_NodeB', 'L2_NodeB', 'L3_NodeD')": 5.3049010551061935,
  "('L1_NodeB', 'L2_NodeA', 'L3_NodeB')": 3.712380650177237,
  "('L1_NodeA', 'L2_NodeD', 'L3_NodeC')": 5.7233346695304315,
  "('L1_NodeD', 'L2_NodeA', 'L3_NodeD')": 2.979247358994088,
  "('L1_NodeD', 'L2_NodeC', 'L3_NodeB')": 5.397723996470729,
  "('L1_NodeB', 'L2_NodeD', 'L3_NodeB')": 4.147895137752102,
  "('L1_NodeC', 'L2_NodeD', 'L3_NodeC')": 5.407236537200019,
  "('L1_NodeA', 'L2_NodeA', 'L3_NodeC')": 4.993271729526211,
  "('L1_NodeC', 'L2_NodeD', 'L3_NodeA')": 3.036420993064536,
  "('L1_NodeA', 'L2_NodeB', 'L3_NodeB')": 4.24300657444021,
  "('L1_NodeD', 'L2_NodeD', 'L3_NodeC')": 5.35294714060959,
  "('L1_NodeD', 'L2_NodeD', 'L3_NodeD')": 3.891353715287786,
  "('L1_NodeC', 'L2_NodeA', 'L3_NodeB')": 4.963866365815477,
  "('L1_NodeA', 'L2_NodeB', 'L3_NodeC')": 5.288265461636855,
  "('L1_NodeB', 'L2_NodeD', 'L3_NodeA')": 4.269572078959504,
  "('L1_NodeB', 'L2_NodeB', 'L3_NodeA')": 5.6404946621556595,
  "('L1_NodeC', 'L2_NodeB', 'L3_NodeC')": 4.710365277890993,
  "('L1_NodeB', 'L2_NodeA', 'L3_NodeD')": 3.720972266876024,
  "('L1_NodeA', 'L2_NodeD', 'L3_NodeA')": 3.9440196841874338,
  "('L1_NodeB', 'L2_NodeB', 'L3_NodeB')": 5.2632480299965945,
  "('L1_NodeC', 'L2_NodeC', 'L3_NodeD')": 0.8734543412721099,
  "('L1_NodeB', 'L2_NodeA', 'L3_NodeC')": 5.147160929577747,
  "('L1_NodeD', 'L2_NodeA', 'L3_NodeA')": 5.592760236082349,
  "('L1_NodeB', 'L2_NodeC', 'L3_NodeC')": 2.9521269237975565,
  "('L1_NodeA', 'L2_NodeD', 'L3_NodeB')": 4.603983771205477,
  "('L1_NodeB', 'L2_NodeB', 'L3_NodeC')": 4.323511867231792,
  "('L1_NodeA', 'L2_NodeC', 'L3_NodeD')": 5.366519522632605,
  "('L1_NodeD', 'L2_NodeC', 'L3_NodeA')": 5.08454522054877,
  "('L1_NodeD', 'L2_NodeA', 'L3_NodeC')": 5.089786305405345,
  "('L1_NodeB', 'L2_NodeC', 'L3_NodeB')": 5.6171937678541495,
  "('L1_NodeD', 'L2_NodeB', 'L3_NodeD')": 5.709442702544478,
  "('L1_NodeA', 'L2_NodeC', 'L3_NodeC')": 4.157709164547697,
  "('L1_NodeC', 'L2_NodeB', 'L3_NodeA')": 4.115130542097038,
  "('L1_NodeD', 'L2_NodeC', 'L3_NodeC')": 5.837906890407053,
  "('L1_NodeD', 'L2_NodeB', 'L3_NodeB')": 1.1079347053388575,
  "('L1_NodeC', 'L2_NodeA', 'L3_NodeC')": 3.9998138154211818,
  "('L1_NodeC', 'L2_NodeA', 'L3_NodeA')": 5.707802882806834,
  "('L1_NodeB', 'L2_NodeC', 'L3_NodeA')": 4.649302808485773,
  "('L1_NodeA', 'L2_NodeB', 'L3_NodeD')": 3.4496778722505703
}